{
    "Premier League": [
        "Arsenal",
        "Aston Villa",
        "Bournemouth",
        "Brentford",
        "Brighton & Hove Albion",
        "Chelsea",
        "Crystal Palace",
        "Everton",
        "Fulham",
        "Ipswich Town",
        "Leicester City",
        "Liverpool",
        "Manchester City",
        "Manchester United",
        "Newcastle United",
        "Nottingham Forest",
        "Southampton",
        "Tottenham Hotspur",
        "West Ham United",
        "Wolverhampton Wanderers"
    ],
    "La Liga": [
        "Alavés",
        "Athletic Club",
        "Atlético Madrid",
        "Barcelona",
        "Cádiz",
        "Celta Vigo",
        "Deportivo Alavés",
        "Getafe",
        "Girona",
        "Granada",
        "Las Palmas",
        "Mallorca",
        "Osasuna",
        "Rayo Vallecano",
        "Real Betis",
        "Real Madrid",
        "Real Sociedad",
        "Sevilla",
        "Valencia",
        "Villarreal"
    ],
    "Serie A": [
        "AC Milan",
        "Atalanta",
        "Bologna",
        "Cagliari",
        "Empoli",
        "Fiorentina",
        "Genoa",
        "Hellas Verona",
        "Inter Milan",
        "Juventus",
        "Lazio",
        "Lecce",
        "Monza",
        "Napoli",
        "Roma",
        "Salernitana",
        "Sassuolo",
        "Torino",
        "Udinese",
        "Venezia"
    ],
    "Bundesliga": [
        "1. FC Köln",
        "1. FC Union Berlin",
        "1. FSV Mainz 05",
        "Bayer Leverkusen",
        "Bayern Munich",
        "Borussia Dortmund",
        "Borussia Mönchengladbach",
        "Eintracht Frankfurt",
        "FC Augsburg",
        "FC Heidenheim",
        "Hoffenheim",
        "RB Leipzig",
        "SC Freiburg",
        "VfL Bochum",
        "VfL Wolfsburg",
        "Werder Bremen",
        "VfB Stuttgart"
    ],
    "Ligue 1": [
        "AS Monaco",
        "Brest",
        "Lens",
        "Lille",
        "Lorient",
        "Lyon",
        "Marseille",
        "Montpellier",
        "Nice",
        "Nantes",
        "Paris Saint-Germain",
        "Reims",
        "Rennes",
        "Strasbourg",
        "Toulouse",
        "Troyes",
        "Le Havre",
        "Metz",
        "Clermont",
        "Angers"
    ],
    "Major League Soccer": [
        "Atlanta United",
        "Austin FC",
        "Charlotte FC",
        "Chicago Fire",
        "FC Cincinnati",
        "Colorado Rapids",
        "Columbus Crew",
        "DC United",
        "FC Dallas",
        "Houston Dynamo",
        "Inter Miami",
        "LA Galaxy",
        "Los Angeles FC",
        "Minnesota United",
        "CF Montréal",
        "Nashville SC",
        "New England Revolution",
        "New York City FC",
        "New York Red Bulls",
        "Orlando City",
        "Philadelphia Union",
        "Portland Timbers",
        "Real Salt Lake",
        "San Jose Earthquakes",
        "Seattle Sounders",
        "Sporting Kansas City",
        "St. Louis City SC",
        "Toronto FC",
        "Vancouver Whitecaps"
    ],
    "Eredivisie": [
        "Ajax",
        "AZ Alkmaar",
        "Feyenoord",
        "PSV Eindhoven",
        "FC Twente",
        "SC Heerenveen",
        "Vitesse",
        "FC Utrecht",
        "Sparta Rotterdam",
        "NEC Nijmegen",
        "Go Ahead Eagles",
        "Fortuna Sittard",
        "Heracles Almelo",
        "PEC Zwolle",
        "RKC Waalwijk",
        "Excelsior",
        "Almere City",
        "FC Volendam"
    ],
    "Liga Portugal": [
        "Benfica",
        "Porto",
        "Sporting CP",
        "Braga",
        "Vitória Guimarães",
        "Boavista",
        "Famalicão",
        "Gil Vicente",
        "Marítimo",
        "Moreirense",
        "Paços de Ferreira",
        "Portimonense",
        "Rio Ave",
        "Santa Clara",
        "Tondela",
        "Vizela",
        "Arouca",
        "Casa Pia"
    ],
    "Jupiler Pro League": [
        "Anderlecht",
        "Antwerp",
        "Club Brugge",
        "Genk",
        "Standard Liège",
        "Gent",
        "Mechelen",
        "OH Leuven",
        "Sint-Truiden",
        "Union SG",
        "Westerlo",
        "Cercle Brugge",
        "Charleroi",
        "Eupen",
        "Kortrijk",
        "RWDM"
    ],
    "Scottish Premiership": [
        "Celtic",
        "Rangers",
        "Aberdeen",
        "Hearts",
        "Hibernian",
        "Motherwell",
        "St. Mirren",
        "Dundee",
        "Kilmarnock",
        "Livingston",
        "Ross County",
        "St. Johnstone"
    ],
    "Saudi Pro League": [
        "Al-Ahli",
        "Al-Ettifaq",
        "Al-Fateh",
        "Al-Fayha",
        "Al-Hilal",
        "Al-Ittihad",
        "Al-Nassr",
        "Al-Okhdood",
        "Al-Raed",
        "Al-Riyadh",
        "Al-Shabab",
        "Al-Taawoun",
        "Al-Tai",
        "Al-Wehda",
        "Damac",
        "Al-Khaleej"
    ],
    "Turkish Süper Lig": [
        "Galatasaray",
        "Fenerbahçe",
        "Beşiktaş",
        "Trabzonspor",
        "Başakşehir",
        "Alanyaspor",
        "Antalyaspor",
        "Gaziantep",
        "Hatayspor",
        "İstanbulspor",
        "Karagümrük",
        "Kasımpaşa",
        "Kayserispor",
        "Konyaspor",
        "Pendikspor",
        "Rizespor",
        "Samsunspor",
        "Sivasspor",
        "Adana Demirspor"
    ],
    "Chinese Super League": [
        "Beijing Guoan",
        "Shanghai Port",
        "Shanghai Shenhua",
        "Shandong Taishan",
        "Guangzhou",
        "Tianjin Jinmen Tiger",
        "Chengdu Rongcheng",
        "Wuhan Three Towns",
        "Zhejiang",
        "Henan",
        "Changchun Yatai",
        "Meizhou Hakka",
        "Qingdao Hainiu",
        "Nantong Zhiyun",
        "Shenzhen",
        "Dalian Pro"
    ],
    "K League 1": [
        "FC Seoul",
        "Suwon Samsung Bluewings",
        "Jeonbuk Hyundai Motors",
        "Ulsan Hyundai",
        "Pohang Steelers",
        "Incheon United",
        "Daegu FC",
        "Gwangju FC",
        "Jeju United",
        "Gangwon FC",
        "Daejeon Hana Citizen",
        "Seongnam FC"
    ],
    "A-League": [
        "Adelaide United",
        "Brisbane Roar",
        "Central Coast Mariners",
        "Macarthur FC",
        "Melbourne City",
        "Melbourne Victory",
        "Newcastle Jets",
        "Perth Glory",
        "Sydney FC",
        "Wellington Phoenix",
        "Western Sydney Wanderers",
        "Western United"
    ]
}
